cod_cor,denumire_ocupatie,denumire_clean,matched_job,match_score,total_skill,essential,optional,knowledge,skill_com,automation_score_proxy,predicted_score,risk_level
818110,sablator produse din sticlă,sablator produse din sticla,asamblor produse din plastic,83.63636363636363,37,13,24,6,31,40.5,69.77109859780377,high
821216,confecționer circuite imprimate,confectioner circuite imprimate,confectioner placi circuite imprimate,91.17647058823529,48,16,32,18,30,52.1,69.36967007486713,high
814302,operator la mașina de laminat,operator la masina de laminat,operator la masina de alezat,87.71929824561403,47,16,31,23,24,57.4,65.97848775094366,high
818302,operator la mașina de etichetat,operator la masina de etichetat,operator la masina de alezat,84.7457627118644,47,16,31,23,24,57.4,65.97848775094366,high
815207,operator la mașini de urzit,operator la masini de urzit,operator la masina de alezat,83.63636363636363,47,16,31,23,24,57.4,65.97848775094366,high
815415,operator decator,operator decator,operator excavator,88.23529411764706,38,18,20,5,33,32.9,65.66982443207489,high
722202,sculer-matrițer,sculer-matriter,sculer-matriter,100.0,54,22,32,17,37,45.4,62.78336613467338,medium
235101,cercetător în pedagogie,cercetator in pedagogie,cercetator in pedologie,91.30434782608695,54,14,40,29,25,63.9,62.710127361386284,medium
263415,cercetător în psihologie,cercetator in psihologie,cercetator in pedologie,89.36170212765957,54,14,40,29,25,63.9,62.710127361386284,medium
213244,cercetător în pedologie-agrochimie,cercetator in pedologie-agrochimie,cercetator in pedologie,80.7017543859649,54,14,40,29,25,63.9,62.710127361386284,medium
821221,confecționer becuri,confectioner becuri,confectioner arcuri,89.47368421052632,41,16,25,12,29,45.1,61.99811055718139,medium
731723,confecționer mături,confectioner maturi,confectioner arcuri,89.47368421052632,41,16,25,12,29,45.1,61.99811055718139,medium
731821,confecționer prețuri,confectioner preturi,confectioner arcuri,87.17948717948718,41,16,25,12,29,45.1,61.99811055718139,medium
818106,confecționer termosuri,confectioner termosuri,confectioner arcuri,82.92682926829268,41,16,25,12,29,45.1,61.99811055718139,medium
731702,confecționer jucării,confectioner jucarii,confectioner arcuri,82.05128205128204,41,16,25,12,29,45.1,61.99811055718139,medium
753103,confecționer pălării,confectioner palarii,confectioner arcuri,82.05128205128204,41,16,25,12,29,45.1,61.99811055718139,medium
752305,confecționer parchete,confectioner parchete,confectioner arcuri,80.0,41,16,25,12,29,45.1,61.99811055718139,medium
931203,"muncitor necalificat la întreținerea de drumuri, șosele, poduri, baraje","muncitor necalificat la intretinerea de drumuri, sosele, poduri, baraje","muncitor intretinere drumuri, sosele, poduri, baraje",84.5528455284553,33,15,18,4,29,33.3,61.79917213259432,medium
213239,cercetător în agricultură,cercetator in agricultura,lucrator in agricultura,87.5,47,16,31,21,26,55.3,60.82546024970658,medium
932907,lucrător sortator deșeuri reciclabile,lucrator sortator deseuri reciclabile,lucrator sortator deseuri reciclabile,100.0,34,12,22,7,27,42.6,60.66090325865898,medium
265423,mediaplanner,mediaplanner,media planner,96.0,42,14,28,15,27,51.2,60.55486978363757,medium
313905,tehnician asigurarea calității,tehnician asigurarea calitatii,tehnician ingineria calitatii,81.35593220338984,40,17,23,11,29,42.5,59.9491849252997,medium
334303,asistent manager,asistent manager,asistent manager,100.0,41,18,23,11,30,41.5,59.05784020556092,medium
263221,specialist planificare teritorială,specialist planificare teritoriala,proiectant planificare teritoriala,85.29411764705883,38,19,19,20,18,51.3,59.008212157211,medium
265442,producător TV,producator tv,producator vernis,80.0,34,14,20,3,31,33.8,58.42108241788481,medium
311120,tehnician în fizică,tehnician in fizica,tehnician in robotica,80.0,63,29,34,25,38,46.8,58.336186057959644,medium
531102,guvernantă,guvernanta,guvernanta,100.0,36,16,20,4,32,33.3,57.85397276188798,medium
333913,agent de navă,agent de nava,agent de paza,84.61538461538461,36,16,20,4,32,33.3,57.85397276188798,medium
332203,agent de vânzări,agent de vanzari,agent de paza,82.75862068965517,36,16,20,4,32,33.3,57.85397276188798,medium
111108,guvernator,guvernator,guvernanta,80.0,36,16,20,4,32,33.3,57.85397276188798,medium
612104,lucrător calificat în creșterea animalelor,lucrator calificat in cresterea animalelor,lucrator cresterea animalelor,81.69014084507043,51,16,35,7,44,41.2,57.70286660777547,medium
821902,asamblor jucării,asamblor jucarii,asamblor bijuterii,82.35294117647058,42,12,30,10,32,47.6,57.0743054007826,medium
311540,tehnician mecatronist,tehnician mecatronist,tehnician mecatronist,100.0,63,28,35,24,39,46.8,56.634513603374614,medium
311709,tehnician proiectant metalurg,tehnician proiectant metalurg,tehnician proiectant machete,84.21052631578947,38,16,22,6,32,36.8,56.549668009383204,medium
311708,tehnician proiectant minier,tehnician proiectant minier,tehnician proiectant machete,83.63636363636363,38,16,22,6,32,36.8,56.549668009383204,medium
313903,tehnician în industria celulozei și hârtiei,tehnician in industria celulozei si hartiei,tehnician in industria celulozei si hartiei,100.0,32,14,18,5,27,35.9,56.438359284675066,medium
311915,tehnician în industria pielăriei,tehnician in industria pielariei,tehnician in industria celulozei si hartiei,80.0,32,14,18,5,27,35.9,56.438359284675066,medium
814209,operator mase plastice,operator mase plastice,operator presare mase plastice,84.61538461538461,40,20,20,7,33,33.8,56.20191748823574,medium
814203,operator la prelucrarea maselor plastice,operator la prelucrarea maselor plastice,operator presare mase plastice,82.85714285714286,40,20,20,7,33,33.8,56.20191748823574,medium
352126,operator sunet,operator sunet,operator soneta,89.65517241379311,31,15,16,3,28,30.6,56.078677449055675,medium
516502,instructor auto,instructor auto,instructor auto,100.0,62,22,40,24,38,51.6,55.90467817213797,medium
341601,instructor școlar auto,instructor scolar auto,instructor auto,81.08108108108108,62,22,40,24,38,51.6,55.90467817213797,medium
516501,instructor școlar auto,instructor scolar auto,instructor auto,81.08108108108108,62,22,40,24,38,51.6,55.90467817213797,medium
311217,tehnician atașamentist,tehnician atasamentist,tehnician botanist,80.0,45,19,26,19,26,50.0,55.80264322114403,medium
315509,agent de securitate aeroportuară,agent de securitate aeroportuara,agent securitate aeroportuara,95.08196721311475,39,16,23,4,35,34.6,55.708580934597784,medium
932101,ambalator manual,ambalator manual,ambalator manual,100.0,23,10,13,2,21,32.6,55.54194898229688,medium
931204,săpător manual,sapator manual,ambalator manual,80.0,23,10,13,2,21,32.6,55.54194898229688,medium
311519,tehnician mecanic,tehnician mecanic,tehnician mecanic auto,87.17948717948718,79,20,59,26,53,53.8,55.4908975375239,medium
817104,albitor pastă hârtie,albitor pasta hartie,operator pasta hartie,82.92682926829268,32,13,19,4,28,35.9,55.42257629813572,medium
332202,reprezentant comercial,reprezentant comercial,reprezentant comercial,100.0,76,32,44,34,42,51.3,54.61303101046628,medium
343405,inspector calitate producție culinară,inspector calitate productie culinara,inspector calitate produs final,82.35294117647058,47,14,33,16,31,52.1,54.47157067629677,medium
713101,tapetar,tapetar,tapetar,100.0,35,13,22,3,32,35.7,54.43436355429893,medium
811101,miner în subteran,miner in subteran,miner in subteran,100.0,14,9,5,5,9,35.7,54.402527299643275,medium
811102,miner la suprafață,miner la suprafata,miner la suprafata,100.0,14,9,5,5,9,35.7,54.402527299643275,medium
933303,manipulant mărfuri,manipulant marfuri,manipulant marfuri,100.0,40,22,18,6,34,30.0,54.34835540871683,medium
815212,operator răsucitor fire,operator rasucitor fire,operator rasucitor fire,100.0,30,12,18,4,26,36.7,54.17624220581607,medium
815211,operator batirator fire,operator batirator fire,operator rasucitor fire,82.6086956521739,30,12,18,4,26,36.7,54.17624220581607,medium
215207,instructor linii,instructor linii,instructor in tic,84.84848484848484,45,13,32,25,20,63.3,53.94931349619817,medium
311210,diriginte șantier,diriginte santier,diriginte de santier,91.8918918918919,48,22,26,12,36,39.6,53.8385246228992,medium
815409,operator vopsitor textile,operator vopsitor textile,operator vopsire textile,93.87755102040816,15,8,7,7,8,46.7,53.826588070114,medium
815412,operator apretor textile,operator apretor textile,operator vopsire textile,83.33333333333334,15,8,7,7,8,46.7,53.826588070114,medium
265252,redactor muzical,redactor muzical,redactor medical,87.5,23,16,7,12,11,41.3,53.741216432386466,medium
334403,recepționer medical,receptioner medical,redactor medical,80.0,23,16,7,12,11,41.3,53.741216432386466,medium
334401,registrator medical,registrator medical,redactor medical,80.0,23,16,7,12,11,41.3,53.741216432386466,medium
333103,administrator cumpărări,administrator cumparari,administrator magazin,81.81818181818183,29,11,18,4,25,37.9,53.72884489150104,medium
341115,grefier registrator,grefier registrator,grefier registrator,100.0,30,11,19,4,26,38.3,53.623096623317,medium
241222,consultant fiscal,consultant fiscal,consultant fiscal,100.0,42,17,25,13,29,45.2,53.53263304785669,medium
265256,consultant muzical,consultant muzical,consultant fiscal,85.71428571428571,42,17,25,13,29,45.2,53.53263304785669,medium
621007,protecționist silvic,protectionist silvic,protectionist silvic,100.0,41,19,22,12,29,41.5,53.00145914630984,medium
516902,gazdă club,gazda club,gazda club,100.0,28,11,17,2,26,33.9,52.850115076520474,medium
111238,director general adjunct,director general adjunct,director general executiv adjunct,84.21052631578947,44,21,23,7,37,34.1,52.8058042854311,medium
813138,operator chimist la produsele farmaceutice și chimice pure,operator chimist la produsele farmaceutice si chimice pure,operator chimist la produsele farmaceutice si chimice pure,100.0,23,12,11,3,20,30.4,52.67310313014057,medium
311905,tehnician preț de cost,tehnician pret de cost,tehnician opere de arta,80.0,15,7,8,4,11,40.0,52.648900905301026,medium
325723,inspector în domeniul securității și sănătății în muncă,inspector in domeniul securitatii si sanatatii in munca,agent in domeniul securitatii si sanatatii in munca,90.56603773584906,38,16,22,11,27,43.4,52.551317811437706,medium
226302,specialist în domeniul securității și sănătății în muncă,specialist in domeniul securitatii si sanatatii in munca,agent in domeniul securitatii si sanatatii in munca,89.7196261682243,38,16,22,11,27,43.4,52.551317811437706,medium
313901,maistru-operator la roboți industriali,maistru-operator la roboti industriali,maistru roboti industriali,81.25,33,12,21,11,22,48.5,52.456319504617895,medium
231004,preparator învățământul universitar,preparator invatamantul universitar,preparator invatamantul superior,86.56716417910447,30,11,19,5,25,40.0,52.44506780229858,medium
213152,inginer biotehnolog,inginer biotehnolog,inginer nanotehnologie,82.92682926829268,55,22,33,31,24,58.2,52.32019803812345,medium
731801,confecționer plase pescărești,confectioner plase pescaresti,confectioner plase de pescuit,82.75862068965517,10,3,7,6,4,65.0,52.272726848883366,medium
311111,tehnician hidrolog,tehnician hidrolog,tehnician biolog,88.23529411764706,51,22,29,25,26,52.9,52.25920544669658,medium
314105,tehnician în biologie,tehnician in biologie,tehnician biolog,86.48648648648648,51,22,29,25,26,52.9,52.25920544669658,medium
515301,îngrijitor clădiri,ingrijitor cladiri,ingrijitor cladiri,100.0,24,10,14,2,22,33.3,52.22117281468192,medium
516405,îngrijitor câini,ingrijitor caini,ingrijitor caini,100.0,35,16,19,6,29,35.7,52.127149956462716,medium
921201,îngrijitor animale,ingrijitor animale,ingrijitor caini,82.35294117647058,35,16,19,6,29,35.7,52.127149956462716,medium
531101,îngrijitor de copii,ingrijitor de copii,ingrijitor caini,80.0,35,16,19,6,29,35.7,52.127149956462716,medium
242201,consilier administrația publică,consilier administratia publica,ofiter administratie publica,84.7457627118644,31,12,19,6,25,40.3,52.09547947664898,medium
242202,expert administrația publică,expert administratia publica,ofiter administratie publica,82.14285714285714,31,12,19,6,25,40.3,52.09547947664898,medium
811404,morar lianți,morar lianti,operator lianti,81.48148148148148,18,9,9,2,16,30.6,51.991687693607936,medium
812227,confecționer celule de electroliză,confectioner celule de electroliza,constructor celule de electroliza,86.56716417910447,18,10,8,2,16,27.8,51.98075406345592,medium
815907,operator textile nețesute,operator textile netesute,operator masina textile netesute,87.71929824561403,22,9,13,3,19,36.4,51.74756811775337,medium
622401,paznic de vânătoare,paznic de vanatoare,paznic de vanatoare,100.0,18,12,6,3,15,25.0,51.56362359713343,medium
241305,analist financiar,analist financiar,analist financiar,100.0,47,23,24,24,22,51.1,51.40179122217048,medium
241309,analist financiar bancar,analist financiar bancar,analist financiar,82.92682926829268,47,23,24,24,22,51.1,51.40179122217048,medium
132456,"director import export cafea, ceai, cacao și mirodenii","director import export cafea, ceai, cacao si mirodenii","manager import export cafea, ceai, cacao si mirodenii",89.7196261682243,28,28,0,9,19,16.1,51.38403973048168,medium
731835,pregătitor articole marochinărie,pregatitor articole marochinarie,operator manual articole marochinarie,81.15942028985508,15,4,11,5,10,53.3,51.35125478122196,medium
815410,operator imprimeur textile,operator imprimeur textile,operator imprimeur textil,98.0392156862745,16,9,7,5,11,37.5,51.34757442996166,medium
815414,operator impregnator textile,operator impregnator textile,operator imprimeur textil,83.01886792452831,16,9,7,5,11,37.5,51.34757442996166,medium
814106,operator la prelucrarea cauciucului,operator la prelucrarea cauciucului,operator in prelucrarea carnii,80.0,54,37,17,6,48,21.3,51.30741358049496,medium
816054,operator prelucrare cafea,operator prelucrare cafea,operator in prelucrarea carnii,80.0,54,37,17,6,48,21.3,51.30741358049496,medium
311512,maistru montaj,maistru montaj,maistru montaj mozaic,80.0,45,18,27,3,42,33.3,51.30440347428968,medium
351109,operator testare jocuri digitale,operator testare jocuri digitale,specialist testare jocuri digitale,84.84848484848484,38,9,29,21,17,65.8,51.273286205495594,medium
817225,tăietor la ferăstrău panglică,taietor la ferastrau panglica,operator fierastrau panglica,80.7017543859649,45,22,23,13,32,40.0,51.26806316238455,medium
315415,controlor trafic aerian informare,controlor trafic aerian informare,controlor trafic aerian,82.14285714285714,36,32,4,11,25,20.8,51.23841986679879,medium
432303,controlor trafic,controlor trafic,controlor trafic aerian,82.05128205128204,36,32,4,11,25,20.8,51.23841986679879,medium
333908,impresar artistic,impresar artistic,impresar artistic,100.0,35,13,22,6,29,40.0,51.141573164694734,medium
532204,îngrijitor la domiciliu,ingrijitor la domiciliu,ingrijitor la domiciliu,100.0,50,23,27,8,42,35.0,51.13764614501834,medium
532201,îngrijitor bătrâni la domiciliu,ingrijitor batrani la domiciliu,ingrijitor la domiciliu,85.18518518518519,50,23,27,8,42,35.0,51.13764614501834,medium
532202,îngrijitor bolnavi la domiciliu,ingrijitor bolnavi la domiciliu,ingrijitor la domiciliu,85.18518518518519,50,23,27,8,42,35.0,51.13764614501834,medium
821906,confecționer-asamblor articole din lemn,confectioner-asamblor articole din lemn,asamblor articole din lemn,80.0,33,12,21,8,25,43.9,51.04281044249433,medium
341302,paracliser,paracliser,paracliser,100.0,24,10,14,4,20,37.5,51.03875673557799,medium
132104,șef laborator în industria prelucrătoare,sef laborator in industria prelucratoare,lucrator in industria prelucratoare,88.0,24,10,14,4,20,37.5,51.03875673557799,medium
132103,șef sector industria prelucrătoare,sef sector industria prelucratoare,lucrator in industria prelucratoare,81.15942028985508,24,10,14,4,20,37.5,51.03875673557799,medium
516202,însoțitor,insotitor,insotitor spa,81.81818181818183,40,21,19,5,35,30.0,51.03684885532265,medium
511318,însoțitor speolog,insotitor speolog,insotitor spa,80.0,40,21,19,5,35,30.0,51.03684885532265,medium
335901,inspector metrolog,inspector metrolog,inspector metrolog,100.0,40,19,21,11,29,40.0,50.92791266365112,medium
752204,marangoz-călăfătuitor,marangoz-calafatuitor,marangoz calafatuitor,95.23809523809523,22,10,12,3,19,34.1,50.92433538698542,medium
432315,operator dană,operator dana,operator sonda,81.48148148148148,23,14,9,4,19,28.3,50.88856510825278,medium
311703,maistru minier,maistru minier,maistru minier,100.0,26,11,15,3,23,34.6,50.758385328047716,medium
311711,maistru mineralurg,maistru mineralurg,maistru minier,81.25,26,11,15,3,23,34.6,50.758385328047716,medium
731311,maistru bijutier,maistru bijutier,maistru minier,80.0,26,11,15,3,23,34.6,50.758385328047716,medium
214312,specialist în reciclarea deșeurilor,specialist in reciclarea deseurilor,specialist in reciclarea deseurilor,100.0,36,22,14,4,32,25.0,50.7425889977853,medium
313201,operator la instalații de incinerare,operator la instalatii de incinerare,operator la instalatii de ridicat,84.05797101449275,29,16,13,4,25,29.3,50.668444294374666,medium
813104,operator la instalații de ardere,operator la instalatii de ardere,operator la instalatii de ridicat,83.07692307692308,29,16,13,4,25,29.3,50.668444294374666,medium
541402,agent control acces,agent control acces,agent control acces,100.0,32,16,16,3,29,29.7,50.60948924051624,medium
265108,sculptor,sculptor,sculptor,100.0,19,12,7,3,16,26.3,50.57661908986175,medium
751203,patiser,patiser,patiser,100.0,64,29,35,9,55,34.4,50.57094802127783,medium
242104,responsabil proces,responsabil proces,responsabil de proces,92.3076923076923,25,17,8,6,19,28.0,50.52947472118199,medium
313104,operator la instalațiile de turbine cu abur sau gaze,operator la instalatiile de turbine cu abur sau gaze,tehnician la instalatiile de turbine cu abur sau gaze,87.61904761904762,30,11,19,6,24,41.7,50.51680301985561,medium
251102,analist de afaceri în domeniul TIC,analist de afaceri in domeniul tic,analist testare in domeniul tic,83.07692307692308,36,9,27,18,18,62.5,50.516328553976734,medium
441501,arhivar,arhivar,arhivar,100.0,28,13,15,4,24,33.9,50.4828471881043,medium
834310,docher,docher,docher,100.0,43,37,6,10,33,18.6,50.28247358599925,medium
524102,model - atelier artistic și publicitate,model - atelier artistic si publicitate,model - atelier artistic si publicitate,100.0,26,14,12,3,23,28.8,50.230076502295574,medium
242235,coordonator programe de sport,coordonator programe de sport,coordonator programe de sport,100.0,34,15,19,5,29,35.3,50.22790806104761,medium
242211,administrator publicații,administrator publicatii,administrator publicatii,100.0,40,22,18,15,24,41.2,50.19399609121873,medium
242208,administrator public,administrator public,administrator publicatii,90.9090909090909,40,22,18,15,24,41.2,50.19399609121873,medium
441206,factor poștal,factor postal,factor postal,100.0,23,16,7,3,20,21.7,50.1386511688431,medium
263645,inspector eparhial,inspector eparhial,inspector agricol,80.0,45,18,27,16,29,47.8,50.109938001393125,medium
214438,proiectant inginer mecanic,proiectant inginer mecanic,tehnician proiectant inginerie mecanica,80.0,29,14,15,13,16,48.3,50.07987483031653,medium
621012,tăietor silvic,taietor silvic,inspector silvic,80.0,29,14,15,9,20,41.4,50.07340055800246,medium
352119,editor imagine,editor imagine,editor imagine,100.0,48,22,26,10,37,37.5,50.04673472417425,medium
265420,director imagine,director imagine,editor imagine,86.66666666666667,48,22,26,10,37,37.5,50.04673472417425,medium
352124,operator imagine,operator imagine,editor imagine,80.0,48,22,26,10,37,37.5,50.04673472417425,medium
122109,responsabil produs,responsabil produs,responsabil birou,85.71428571428571,37,17,20,11,26,41.9,50.028123486756506,medium
422502,funcționar informații clienți,functionar informatii clienti,functionar centru informare clienti,81.25,32,14,18,7,25,39.1,49.98436930242237,medium
541905,salvamar,salvamar,salvamar,100.0,34,15,19,6,28,36.8,49.96734458004609,medium
732202,imprimeur textil,imprimeur textil,imprimeur textil,100.0,13,9,4,3,10,26.9,49.8644487603471,medium
818125,cuptorar ceramică fină și decor,cuptorar ceramica fina si decor,cuptorar ceramica fina si decor,100.0,16,8,8,2,14,31.2,49.84131791130767,medium
413206,operator mașină de calculat,operator masina de calculat,operator masina de calcat rufe,87.71929824561403,22,11,11,3,19,31.8,49.68899065741053,medium
421203,supraveghetor jocuri (cazinou),supraveghetor jocuri (cazinou),supraveghetor cazinou,82.35294117647058,22,11,11,3,19,31.8,49.68899065741053,medium
432319,revizor tehnic vagoane,revizor tehnic vagoane,revizor tehnic vagoane,100.0,23,18,5,5,18,21.7,49.68353717595517,medium
432344,revizor tehnic auto,revizor tehnic auto,revizor tehnic vagoane,82.92682926829268,23,18,5,5,18,21.7,49.68353717595517,medium
815507,operator sortator în industria pielăriei,operator sortator in industria pielariei,operator in industria pielariei,87.32394366197182,19,6,13,5,14,47.4,49.61321558138372,medium
264316,interpret al limbajului mimico-gestual,interpret al limbajului mimico-gestual,interpret limbaj mimico-gestual,89.85507246376811,31,14,17,13,18,48.4,49.60355405872187,medium
516913,lucrător interpret în limbaj mimico-gestual,lucrator interpret in limbaj mimico-gestual,interpret limbaj mimico-gestual,83.78378378378379,31,14,17,13,18,48.4,49.60355405872187,medium
242315,consilier vocațional,consilier vocational,consilier educational,87.8048780487805,49,20,29,18,31,48.0,49.54024164392333,medium
731104,ceasornicar,ceasornicar,ceasornicar,100.0,54,15,39,12,42,47.2,49.318458000395374,medium
335501,inspector de poliție,inspector de politie,inspector de politie,100.0,33,12,21,5,28,39.4,49.28883742579722,medium
261922,inspector de probațiune,inspector de probatiune,inspector de politie,83.72093023255815,33,12,21,5,28,39.4,49.28883742579722,medium
311511,maistru mecanică fină,maistru mecanica fina,maistru mecanica fina,100.0,36,16,20,5,31,34.7,49.147509998829534,medium
722204,lăcătuș mecanică fină,lacatus mecanica fina,maistru mecanica fina,80.95238095238095,36,16,20,5,31,34.7,49.147509998829534,medium
265245,aranjor muzică,aranjor muzica,aranjor muzical,96.55172413793103,16,11,5,4,12,28.1,49.12000323853512,medium
962913,supraveghetor hotel,supraveghetor hotel,supraveghetor montaj,82.05128205128204,22,14,8,4,18,27.3,49.08667011450329,medium
816020,morar,morar,morar,100.0,41,24,17,3,38,24.4,49.07507397908694,medium
816016,operator la prepararea produselor lactate,operator la prepararea produselor lactate,lucrator la prepararea produselor lactate,92.6829268292683,28,13,15,10,18,44.6,49.06020557668638,medium
816026,operator la prepararea produselor zaharoase,operator la prepararea produselor zaharoase,lucrator la prepararea produselor lactate,80.95238095238095,28,13,15,10,18,44.6,49.06020557668638,medium
214131,analist calitate,analist calitate,analist calitatea apei,84.21052631578947,44,14,30,10,34,45.5,49.05014810278578,medium
226309,ergonomist,ergonomist,ergonomist,100.0,33,15,18,13,20,47.0,49.04987358777244,medium
723305,ungător-gresor,ungator-gresor,ungator-gresor,100.0,19,10,9,3,16,31.6,49.0347324592841,medium
516303,îmbălsămător,imbalsamator,imbalsamator,100.0,27,11,16,3,24,35.2,48.94101380102878,medium
711402,fierar betonist,fierar betonist,fierar betonist,100.0,48,22,26,7,41,34.4,48.93931852888018,medium
315411,operator radar,operator radar,operator dragor,82.75862068965517,27,11,16,5,22,38.9,48.788951953203544,medium
335202,operator rol,operator rol,operator dragor,81.48148148148148,27,11,16,5,22,38.9,48.788951953203544,medium
522101,vânzător,vanzator,vanator,93.33333333333333,30,15,15,10,20,41.7,48.7882217562182,medium
265307,dansator,dansator,vanator,80.0,30,15,15,10,20,41.7,48.7882217562182,medium
132428,șef stație căi ferate,sef statie cai ferate,sef statie cai ferate,100.0,23,22,1,3,20,8.7,48.75661525918641,medium
214625,inginer mineralurg,inginer mineralurg,inginer mineralurg,100.0,19,12,7,4,15,28.9,48.69095023790512,medium
422101,agent de voiaj,agent de voiaj,agent de vama,81.48148148148148,18,8,10,3,15,36.1,48.67204588850444,medium
315510,dispecer operațiuni de zbor,dispecer operatiuni de zbor,dispecer operatiuni de zbor,100.0,23,23,0,3,20,6.5,48.598706687243656,medium
432109,pivnicer,pivnicer,pivnicer,100.0,22,17,5,3,19,18.2,48.57144738677655,medium
341113,asistent registrator,asistent registrator,asistent editor,80.0,18,10,8,6,12,38.9,48.547575723176436,medium
334404,transcriptor medical,transcriptor medical,transcriitor medical,95.0,35,15,20,9,26,41.4,48.544660126322185,medium
312103,salvator minier,salvator minier,agent salvator minier,83.33333333333334,17,12,5,4,13,26.5,48.451354820503454,medium
321401,tehnician protezist – ortezist,tehnician protezist – ortezist,tehnician protezist-ortezist,93.10344827586206,29,17,12,11,18,39.7,48.44144724502818,medium
265414,regizor tehnic,regizor tehnic,regizor tehnic,100.0,10,9,1,1,9,10.0,48.43951842606782,medium
241266,gemolog,gemolog,gemolog,100.0,22,11,11,6,16,38.6,48.43187000675899,medium
211422,geolog,geolog,gemolog,92.3076923076923,22,11,11,6,16,38.6,48.43187000675899,medium
242225,consilier de stare civilă,consilier de stare civila,ofiter de stare civila,85.1063829787234,16,7,9,2,14,34.4,48.38956124083255,medium
411003,referent de stare civilă,referent de stare civila,ofiter de stare civila,82.6086956521739,16,7,9,2,14,34.4,48.38956124083255,medium
242226,inspector de stare civilă,inspector de stare civila,ofiter de stare civila,80.85106382978722,16,7,9,2,14,34.4,48.38956124083255,medium
815408,operator pregătitor chimicale în industria textilă,operator pregatitor chimicale in industria textila,operator pregatitor chimicale in industria textila,100.0,17,8,9,6,11,44.1,48.381825011931504,medium
611302,lucrător calificat în irigații,lucrator calificat in irigatii,operator calificat irigatii,84.21052631578947,22,11,11,7,15,40.9,48.36983373907271,medium
132449,manager farmacii,manager farmacii,manager ferma,82.75862068965517,37,15,22,8,29,40.5,48.33518829746467,medium
723309,mecanic mașini agricole,mecanic masini agricole,mecanic calificat masini agricole,82.14285714285714,30,12,18,7,23,41.7,48.31540636747526,medium
342101,fotbalist profesionist,fotbalist profesionist,atlet profesionist,80.0,15,10,5,1,14,20.0,48.27679760322511,medium
422405,responsabil cazare,responsabil cazare,responsabil cabina,83.33333333333334,31,24,7,4,27,17.7,48.229626199293556,medium
732217,operator la mașina de tampografiat,operator la masina de tampografiat,operator masina de taiat,82.75862068965517,33,19,14,13,20,40.9,48.219844218543365,medium
413205,operator mașină contabilizat,operator masina contabilizat,operator masina de taiat,80.76923076923077,33,19,14,13,20,40.9,48.219844218543365,medium
134907,coordonator presă,coordonator presa,coordonator creatie,83.33333333333334,39,18,21,9,30,38.5,48.212288865204,medium
111134,ministru,ministru,ministru,100.0,32,14,18,12,20,46.9,48.19912687025995,medium
315506,tehnician securitate aeriană,tehnician securitate aeriana,tehnician securitate aeriana,100.0,23,17,6,6,17,26.1,48.154163967387724,medium
132454,manager sisteme de transport,manager sisteme de transport,inginer sisteme de transport,89.28571428571429,33,20,13,18,15,47.0,48.12975347519075,medium
214493,inginer sisteme de transport operațional,inginer sisteme de transport operational,inginer sisteme de transport,82.35294117647058,33,20,13,18,15,47.0,48.12975347519075,medium
541407,agent transport valori,agent transport valori,agent transport valori,100.0,29,14,15,3,26,31.0,48.08386836286311,medium
432301,agent transporturi,agent transporturi,agent transport valori,85.0,29,14,15,3,26,31.0,48.08386836286311,medium
524101,manechin,manechin,manechin,100.0,22,11,11,4,18,34.1,48.05667162353117,medium
722112,fierar/ potcovar,fierar/ potcovar,fierar potcovar,96.7741935483871,22,8,14,3,19,38.6,48.025720297475985,medium
741213,electrician nave,electrician nave,electrician minier,82.35294117647058,15,12,3,6,9,30.0,48.00264583945465,medium
741312,electrician de mină,electrician de mina,electrician minier,81.08108108108108,15,12,3,6,9,30.0,48.00264583945465,medium
343525,disc jockey,disc jockey,disc-jockey,90.9090909090909,39,19,20,7,32,34.6,47.98642633138522,medium
251101,proiectant sisteme informatice,proiectant sisteme informatice,proiectant de sisteme inglobate,81.9672131147541,78,17,61,67,11,82.1,47.93764284587242,medium
311115,tehnician metrolog,tehnician metrolog,tehnician metrolog,100.0,30,17,13,10,20,38.3,47.935808600812486,medium
331303,tehnician merceolog,tehnician merceolog,tehnician metrolog,91.8918918918919,30,17,13,10,20,38.3,47.935808600812486,medium
314104,tehnician în serologie,tehnician in serologie,tehnician metrolog,80.0,30,17,13,10,20,38.3,47.935808600812486,medium
243104,manager de produs,manager de produs,manager de produs,100.0,62,28,34,17,45,41.1,47.913581778240825,medium
111219,secretar general,secretar general,secretar general,100.0,28,13,15,8,20,41.1,47.90945587785687,medium
311502,maistru instalații navale,maistru instalatii navale,maistru instalatii sanitare,84.61538461538461,49,23,26,6,43,32.7,47.859227465061075,medium
421115,operator gestionar loto,operator gestionar loto,operator gestionar loto,100.0,20,9,11,8,12,47.5,47.80496437571206,medium
214240,inginer geotehnician în construcții miniere,inginer geotehnician in constructii miniere,inginer geotehnician in constructii miniere,100.0,17,11,6,3,14,26.5,47.78937898876774,medium
815417,operator fixator textile,operator fixator textile,operator finisare textile,85.71428571428571,23,12,11,10,13,45.7,47.781846045101844,medium
815420,operator tunsător textile,operator tunsator textile,operator finisare textile,84.0,23,12,11,10,13,45.7,47.781846045101844,medium
815424,operator uscător textile,operator uscator textile,operator finisare textile,81.63265306122449,23,12,11,10,13,45.7,47.781846045101844,medium
815404,operator spălător textile,operator spalator textile,operator finisare textile,80.0,23,12,11,10,13,45.7,47.781846045101844,medium
214419,inginer mecanic mașini instalații miniere,inginer mecanic masini instalatii miniere,mecanic masini instalatii miniere,89.1891891891892,15,11,4,4,11,26.7,47.7284946090737,medium
214603,subinginer metalurgist,subinginer metalurgist,inginer metalurg,84.21052631578947,50,17,33,16,34,49.0,47.71893931162977,medium
214607,expert inginer metalurg,expert inginer metalurg,inginer metalurg,82.05128205128204,50,17,33,16,34,49.0,47.71893931162977,medium
421301,amanetar,amanetar,amanetar,100.0,24,16,8,3,21,22.9,47.692828177166376,medium
432310,instructor depou,instructor depou,instructor de box,84.84848484848484,23,12,11,5,18,34.8,47.63619620436291,medium
352131,cameraman,cameraman,cameraman,100.0,45,23,22,8,37,33.3,47.63284880573607,medium
832202,șofer autosanitară,sofer autosanitara,sofer autosanitara,100.0,25,15,10,7,18,34.0,47.63031727017407,medium
311205,tehnician hidrotehnic,tehnician hidrotehnic,tehnician hidrotehnist,93.02325581395348,45,21,24,16,29,44.4,47.50283989239298,medium
311924,tehnician frigotehnist,tehnician frigotehnist,tehnician hidrotehnist,86.36363636363636,45,21,24,16,29,44.4,47.50283989239298,medium
311109,tehnician hidrometru,tehnician hidrometru,tehnician hidrotehnist,80.95238095238095,45,21,24,16,29,44.4,47.50283989239298,medium
541401,agent de securitate,agent de securitate,agent securitate,91.42857142857143,51,20,31,12,39,42.2,47.36576234445514,medium
311209,tehnician instalații în construcții,tehnician instalatii in constructii,tehnician instalatii in constructii,100.0,40,18,22,10,30,40.0,47.27567706617641,medium
341114,grefier arhivar,grefier arhivar,grefier arhivar,100.0,27,12,15,8,19,42.6,47.2713560178507,medium
325719,inspector sanitar,inspector sanitar,inspector sanitar,100.0,31,14,17,8,23,40.3,47.26622146570782,medium
112008,inspector sanitar șef,inspector sanitar sef,inspector sanitar,89.47368421052632,31,14,17,8,23,40.3,47.26622146570782,medium
721114,turnător modelier,turnator modelier,turnator modelier,100.0,27,9,18,7,20,46.3,47.263062641413526,medium
242406,manager de formare,manager de formare,manager de comunicare,82.05128205128204,21,13,8,7,14,35.7,47.25157416389085,medium
235103,consilier învățământ,consilier invatamant,consilier invatamant superior,81.63265306122449,31,14,17,12,19,46.8,47.23307568118169,medium
215205,inginer producție,inginer productie,designer productie,85.71428571428571,38,16,22,4,34,34.2,47.22620900804983,medium
241211,analist investiții,analist investitii,analist investitii,100.0,43,21,22,28,15,58.1,47.20983745776581,medium
731102,armurier,armurier,armurier,100.0,39,19,20,3,36,29.5,47.1944880965173,medium
264207,editorialist,editorialist,editorialist,100.0,45,20,25,16,29,45.6,47.14953360298734,medium
211421,inginer geolog,inginer geolog,inginer geolog,100.0,45,20,25,16,29,45.6,47.14953360298734,medium
213304,inginer ecolog,inginer ecolog,inginer geolog,92.85714285714286,45,20,25,16,29,45.6,47.14953360298734,medium
134916,șef oficiu juridic,sef oficiu juridic,sef oficiu juridic,100.0,39,19,20,13,26,42.3,47.144585248703436,medium
333914,asistent atragere fonduri,asistent atragere fonduri,asistent strangere de fonduri,88.88888888888889,21,7,14,1,20,35.7,47.102366750189546,medium
226903,medic legist,medic legist,medic legist,100.0,26,9,17,7,19,46.2,47.07625322716742,medium
111139,președinte Senat,presedinte senat,presedinte instanta,80.0,26,9,17,7,19,46.2,47.07625322716742,medium
754301,controlor calitate,controlor calitate,controlor calitate produse,81.81818181818183,26,16,10,3,23,25.0,47.05843115599527,medium
241107,auditor financiar,auditor financiar,auditor financiar,100.0,60,22,38,24,36,51.7,46.97788018241059,medium
242402,formator de formatori,formator de formatori,formator/formatoare,80.0,28,11,17,6,22,41.1,46.977847105052376,medium
513103,somelier,somelier,somelier,100.0,17,16,1,2,15,8.8,46.9606309357153,medium
111233,consul,consul,consul,100.0,39,15,24,15,24,50.0,46.947873324325094,medium
311102,tehnician chimist,tehnician chimist,tehnician chimist,100.0,63,27,36,18,45,42.9,46.92360163298742,medium
341105,tehnician criminalist,tehnician criminalist,tehnician chimist,84.21052631578947,63,27,36,18,45,42.9,46.92360163298742,medium
241219,administrator judiciar,administrator judiciar,administrator judiciar,100.0,29,13,16,10,19,44.8,46.92138200944632,medium
214412,inginer autovehicule rutiere,inginer autovehicule rutiere,designer autovehicule rutiere,91.22807017543859,48,20,28,23,25,53.1,46.911839246284146,medium
342310,instructor de dans,instructor de dans,instructor de inot,83.33333333333334,21,12,9,4,17,31.0,46.89738888585392,medium
811408,mașinist pentru prefabricate din beton și beton armat,masinist pentru prefabricate din beton si beton armat,operator prefabricate din beton si beton armat,84.84848484848484,33,13,20,0,33,30.3,46.888914603099714,medium
513201,barman,barman,barman,100.0,38,21,17,2,36,25.0,46.88757813658625,medium
751106,lucrător la prelucrarea peștelui,lucrator la prelucrarea pestelui,operator in prelucrarea pestelui,84.375,43,21,22,5,38,31.4,46.76173604794316,medium
343104,operator prelucrare peliculă,operator prelucrare pelicula,operator in prelucrarea pestelui,80.0,43,21,22,5,38,31.4,46.76173604794316,medium
243202,mediator,mediator,mediator,100.0,42,12,30,11,31,48.8,46.67199494319126,medium
831206,paznic barieră,paznic bariera,paznic bariera,100.0,28,24,4,4,24,14.3,46.65943480692237,medium
242236,ofițer de politici recreaționale,ofiter de politici recreationale,ofiter de politici recreationale,100.0,22,10,12,6,16,40.9,46.62090378830235,medium
311108,tehnician geolog,tehnician geolog,tehnician geolog,100.0,58,23,35,13,45,41.4,46.604654340041854,medium
314203,tehnician pedolog,tehnician pedolog,tehnician geolog,90.9090909090909,58,23,35,13,45,41.4,46.604654340041854,medium
311112,tehnician hidrogeolog,tehnician hidrogeolog,tehnician geolog,86.48648648648648,58,23,35,13,45,41.4,46.604654340041854,medium
214925,"cercetător în tehnologia chimică a produselor textile, pieii, blănurilor și înlocuitorilor","cercetator in tehnologia chimica a produselor textile, pieii, blanurilor si inlocuitorilor","cercetator in tehnologia produselor textile, pieii, blanurilor si incaltamintei",85.20710059171599,30,20,10,13,17,38.3,46.59265900872444,medium
722308,reglor-montator,reglor-montator,reglor-montator,100.0,31,12,19,7,24,41.9,46.55183096674349,medium
216508,subinginer cadastru,subinginer cadastru,inginer cadastru,91.42857142857143,26,12,14,8,18,42.3,46.43662423349536,medium
961301,lucrător pentru salubrizare căi publice,lucrator pentru salubrizare cai publice,lucrator pentru salubrizare cai publice,100.0,61,29,32,14,47,37.7,46.43346140471245,medium
961303,lucrător pentru salubrizare,lucrator pentru salubrizare,lucrator pentru salubrizare cai publice,81.81818181818183,61,29,32,14,47,37.7,46.43346140471245,medium
961302,lucrător pentru salubrizare spații verzi,lucrator pentru salubrizare spatii verzi,lucrator pentru salubrizare cai publice,81.0126582278481,61,29,32,14,47,37.7,46.43346140471245,medium
833103,conducător tramvai (vatman),conducator tramvai (vatman),conducator tramvai (vatman),100.0,39,34,5,6,33,14.1,46.22641983771897,medium
242111,administrator societate comercială,administrator societate comerciala,administrator securitate sociala,84.84848484848484,27,13,14,6,21,37.0,46.20601762680831,medium
241206,inspector asigurări,inspector asigurari,inspector asigurari sociale,82.6086956521739,25,13,12,5,20,34.0,46.17460026149697,medium
731301,argintar,argintar,marinar,80.0,32,24,8,3,29,17.2,46.1527204985851,medium
516901,"agent dezinfecție, deratizare, dezinsecție","agent dezinfectie, deratizare, dezinsectie","lucrator dezinfectie, deratizare, dezinsectie",89.65517241379311,31,19,12,15,16,43.5,45.99210334511477,medium
134906,"șef centru dezinfecție, deratizare și dezinsecție","sef centru dezinfectie, deratizare si dezinsectie","lucrator dezinfectie, deratizare, dezinsectie",82.97872340425532,31,19,12,15,16,43.5,45.99210334511477,medium
833204,conducător autospecială,conducator autospeciala,conducator autospeciala pompieri,83.63636363636363,32,23,9,6,26,23.4,45.92032131008624,medium
613003,agricultor în culturi vegetale și crescător de animale,agricultor in culturi vegetale si crescator de animale,fermier culturi vegetale si crescator de animale,86.27450980392157,33,18,15,12,21,40.9,45.89220310181788,medium
265208,maestru studii canto,maestru studii canto,maestru studii dans,87.17948717948718,41,25,16,4,37,24.4,45.87028092045769,medium
265303,maestru studii de balet,maestru studii de balet,maestru studii dans,80.95238095238095,41,25,16,4,37,24.4,45.87028092045769,medium
243207,brand manager,brand manager,brand manager,100.0,43,31,12,7,36,22.1,45.86514231605483,medium
265439,regizor scenă,regizor scena,regizor de scena,89.65517241379311,25,14,11,1,24,24.0,45.770380602933315,medium
121121,controlor financiar,controlor financiar,controlor financiar,100.0,37,17,20,7,30,36.5,45.754182524491576,medium
121127,controlor revizor financiar,controlor revizor financiar,controlor financiar,82.6086956521739,37,17,20,7,30,36.5,45.754182524491576,medium
241310,asistent bancar,asistent bancar,asistent actuar,86.66666666666667,24,10,14,9,15,47.9,45.75380785806679,medium
242113,consultant de securitate,consultant de securitate,consultant securitate,93.33333333333333,39,21,18,14,25,41.0,45.717899135629445,medium
261103,consilier juridic,consilier juridic,consilier juridic,100.0,37,11,26,16,21,56.8,45.70239424314923,medium
221103,consilier medic,consilier medic,consilier juridic,81.25,37,11,26,16,21,56.8,45.70239424314923,medium
242313,analist ocupațional,analist ocupational,analist ocupational,100.0,36,16,20,9,26,40.3,45.6622437761865,medium
111223,șef departament,sef departament,sef departament,100.0,80,16,64,23,57,54.4,45.642688863743615,medium
214539,enolog,enolog,enolog,100.0,59,35,24,15,44,33.1,45.63599316742992,medium
213305,ecolog,ecolog,enolog,83.33333333333334,59,35,24,15,44,33.1,45.63599316742992,medium
265228,regizor muzical,regizor muzical,regizor muzical,100.0,36,21,15,6,30,29.2,45.60373339304943,medium
265254,realizator muzical,realizator muzical,regizor muzical,84.84848484848484,36,21,15,6,30,29.2,45.60373339304943,medium
815508,vopsitor îmbrăcăminte din blană,vopsitor imbracaminte din blana,operator vopsire imbracaminte din blana,82.85714285714286,29,14,15,11,18,44.8,45.55588027186752,medium
516403,instructor dresaj câini ghizi,instructor dresaj caini ghizi,instructor dresaj caini-ghizi,96.55172413793103,36,16,20,8,28,38.9,45.54658452893406,medium
315301,comandant detașament zbor,comandant detasament zbor,comandant detasament pompieri,85.18518518518519,36,16,20,8,28,38.9,45.54658452893406,medium
314102,tehnician în biochimie,tehnician in biochimie,tehnician biochimist,85.71428571428571,44,23,21,21,23,47.7,45.48183780123883,medium
112024,director tehnic,director tehnic,editor tehnic,85.71428571428571,46,24,22,16,30,41.3,45.46458618019039,medium
815205,operator sculuitor,operator sculuitor,operator stivuitor,83.33333333333334,41,32,9,1,40,12.2,45.460475842607636,medium
215103,dispecer rețea distribuție,dispecer retea distributie,dispecer retea distributie,100.0,27,17,10,2,25,22.2,45.44024742000066,medium
311501,maistru cazangerie,maistru cazangerie,maistru cazangerie,100.0,39,18,21,4,35,32.1,45.43043507074725,medium
333301,agent repartizare a forței de muncă,agent repartizare a fortei de munca,agent ocuparea fortei de munca,83.07692307692308,31,17,14,4,27,29.0,45.426216717181276,medium
512002,pizzar,pizzar,pizzar,100.0,20,14,6,1,19,17.5,45.40387266718585,medium
251305,manager de conținut web,manager de continut web,manager de continut web,100.0,54,32,22,21,32,39.8,45.38807153375192,medium
311206,tehnician topometrist,tehnician topometrist,tehnician optometrist,95.23809523809523,39,27,12,14,25,33.3,45.34977524046519,medium
261205,asistent judiciar,asistent judiciar,asistent juridic,84.84848484848484,29,15,14,9,20,39.7,45.32157500112355,medium
421112,administrator cont,administrator cont,administrator de cont,92.3076923076923,36,22,14,12,24,36.1,45.292201930484524,medium
241240,administrator de risc,administrator de risc,administrator de cont,85.71428571428571,36,22,14,12,24,36.1,45.292201930484524,medium
515303,administrator de condominii,administrator de condominii,administrator de cont,83.33333333333334,36,22,14,12,24,36.1,45.292201930484524,medium
242407,administrator de formare,administrator de formare,administrator de cont,80.0,36,22,14,12,24,36.1,45.292201930484524,medium
242237,inspector aeronautic,inspector aeronautic,inspector aeronautica,97.5609756097561,30,24,6,6,24,20.0,45.2112498204016,medium
243302,reprezentant vânzări în domeniul medical,reprezentant vanzari in domeniul medical,reprezentant vanzari in domeniul medical,100.0,36,20,16,15,21,43.1,45.19793479757436,medium
311536,inspector ISCIR,inspector iscir,inspector piscicol,84.84848484848484,40,27,13,15,25,35.0,45.15765078592192,medium
263512,inspector social,inspector social,inspector piscicol,82.35294117647058,40,27,13,15,25,35.0,45.15765078592192,medium
921602,muncitor piscicol,muncitor piscicol,inspector piscicol,80.0,40,27,13,15,25,35.0,45.15765078592192,medium
214409,inginer mecanică fină,inginer mecanica fina,inginer mecanic minier,83.72093023255815,27,19,8,10,17,33.3,45.04837745402888,medium
753114,confecționer produse textile,confectioner produse textile,designer produse textile,80.76923076923077,27,19,8,10,17,33.3,45.04837745402888,medium
243106,manager comerț electronic,manager comert electronic,manager comert electronic,100.0,43,25,18,20,21,44.2,44.985457443064185,low
261921,consilier de probațiune,consilier de probatiune,consilier de probatiune,100.0,29,11,18,7,22,43.1,44.948319310286244,low
333912,operator vânzări prin telefon,operator vanzari prin telefon,agent vanzari prin telefon,83.63636363636363,32,17,15,8,24,35.9,44.93984133020827,low
962905,aprod,aprod,aprod,100.0,28,10,18,5,23,41.1,44.920599847514694,low
214205,inginer construcții hidrotehnice,inginer constructii hidrotehnice,inginer constructii hidroenergetice,86.56716417910447,37,29,8,18,19,35.1,44.86479820938488,low
242905,ofițer de poliție penitenciară,ofiter de politie penitenciara,ofiter de politie judiciara,84.21052631578947,33,14,19,8,25,40.9,44.83666167947468,low
331302,contabil,contabil,contabil,100.0,57,26,31,17,40,42.1,44.81545533602832,low
121120,contabil-șef,contabil-sef,contabil,80.0,57,26,31,17,40,42.1,44.81545533602832,low
515110,lucrător hotelier,lucrator hotelier,lucrator forestier,80.0,36,26,10,6,30,22.2,44.74767039043271,low
516404,dresor câini,dresor caini,dresor caini,100.0,36,19,17,8,28,34.7,44.72118993261815,low
311402,tehnician electronică,tehnician electronica,tehnician electronist,90.47619047619048,90,30,60,35,55,52.8,44.67675761093722,low
352127,tehnician radioelectronist,tehnician radioelectronist,tehnician electronist,89.36170212765957,90,30,60,35,55,52.8,44.67675761093722,low
263108,tehnician economist,tehnician economist,tehnician electronist,85.0,90,30,60,35,55,52.8,44.67675761093722,low
311305,tehnician electromecanic,tehnician electromecanic,tehnician electronist,84.44444444444444,90,30,60,35,55,52.8,44.67675761093722,low
325729,tehnician ergonomist,tehnician ergonomist,tehnician electronist,82.92682926829268,90,30,60,35,55,52.8,44.67675761093722,low
311706,tehnician metalurgie,tehnician metalurgie,tehnician metalurg,94.73684210526315,33,18,15,14,19,43.9,44.63212534684614,low
311710,tehnician mineralurg,tehnician mineralurg,tehnician metalurg,89.47368421052632,33,18,15,14,19,43.9,44.63212534684614,low
251103,manager analiză de business în domeniul TIC,manager analiza de business in domeniul tic,manager analiza de business in domeniul tic,100.0,35,21,14,10,24,34.3,44.598088109718724,low
261910,consilier armonizare legislativă,consilier armonizare legislativa,consilier armonizare legislativa,100.0,20,10,10,7,13,42.5,44.541021005120285,low
261912,analist armonizare legislativă,analist armonizare legislativa,consilier armonizare legislativa,83.87096774193549,20,10,10,7,13,42.5,44.541021005120285,low
261911,expert armonizare legislativă,expert armonizare legislativa,consilier armonizare legislativa,81.9672131147541,20,10,10,7,13,42.5,44.541021005120285,low
711406,injectorist în construcții,injectorist in constructii,inspector in constructii,88.0,36,18,18,17,19,48.6,44.51938457915986,low
235105,inspector școlar,inspector scolar,inspector scolar,100.0,27,10,17,5,22,40.7,44.49893085034429,low
335903,inspector salarii,inspector salarii,inspector scolar,84.84848484848484,27,10,17,5,22,40.7,44.49893085034429,low
241264,inspector casier,inspector casier,inspector scolar,81.25,27,10,17,5,22,40.7,44.49893085034429,low
112006,inspector general școlar,inspector general scolar,inspector scolar,80.0,27,10,17,5,22,40.7,44.49893085034429,low
351203,tehnician TIC,tehnician tic,tehnician tic,100.0,80,23,57,57,23,71.2,44.47644813412385,low
352128,tehnician CATV,tehnician catv,tehnician tic,81.48148148148148,80,23,57,57,23,71.2,44.47644813412385,low
315317,tehnician aviație,tehnician aviatie,tehnician tic,80.0,80,23,57,57,23,71.2,44.47644813412385,low
213105,consilier botanist,consilier botanist,consilier zootehnist,84.21052631578947,47,24,23,21,26,46.8,44.46731517549164,low
213209,consilier inginer zootehnist,consilier inginer zootehnist,consilier zootehnist,83.33333333333334,47,24,23,21,26,46.8,44.46731517549164,low
215313,consilier tehnic,consilier tehnic,consilier zootehnist,83.33333333333334,47,24,23,21,26,46.8,44.46731517549164,low
261919,specialist proprietate intelectuală,specialist proprietate intelectuala,consultant proprietate intelectuala,80.0,30,13,17,14,16,51.7,44.45525488297233,low
111127,secretar de stat,secretar de stat,secretar de stat,100.0,29,14,15,10,19,43.1,44.45468765944888,low
111140,subsecretar de stat,subsecretar de stat,secretar de stat,91.42857142857143,29,14,15,10,19,43.1,44.45468765944888,low
242306,consilier orientare privind cariera,consilier orientare privind cariera,consilier orientare in cariera,92.3076923076923,56,25,31,15,41,41.1,44.43480113505253,low
311901,maistru în industria celulozei și hârtiei,maistru in industria celulozei si hartiei,maistru in industria celulozei si hartiei,100.0,38,17,21,7,31,36.8,44.40211567742136,low
241241,analist credite,analist credite,analist de credite,90.9090909090909,31,16,15,12,19,43.5,44.36092919567118,low
263203,analist de mediu,analist de mediu,analist de credite,82.35294117647058,31,16,15,12,19,43.5,44.36092919567118,low
261901,executor judecătoresc,executor judecatoresc,executor judecatoresc,100.0,26,12,14,9,17,44.2,44.29737197755415,low
514103,coafor stilist,coafor stilist,coafor stilist,100.0,30,16,14,4,26,30.0,44.254080909395284,low
431201,agent bursă,agent bursa,agent la bursa,88.0,33,16,17,18,15,53.0,44.23095635733576,low
311107,tehnician meteorolog,tehnician meteorolog,tehnician meteorolog,100.0,35,22,13,6,29,27.1,44.148219534254224,low
263414,psiholog școlar,psiholog scolar,psiholog scolar,100.0,45,24,21,18,27,43.3,44.110087054412865,low
311605,maistru petrolist/ industria chimică,maistru petrolist/ industria chimica,maistru productie in industria chimica,81.08108108108108,37,22,15,11,26,35.1,44.07428418224325,low
333907,agent servicii client,agent servicii client,manager serviciu clienti,80.0,41,19,22,9,32,37.8,44.06576323377238,low
132451,manager relația cu furnizorii,manager relatia cu furnizorii,manager relatii cu furnizorii de tic,86.15384615384616,33,19,14,11,22,37.9,43.91616574694308,low
214616,inginer petrolist,inginer petrolist,inginer petrolist,100.0,27,24,3,4,23,13.0,43.85089182498322,low
214617,subinginer petrolist,subinginer petrolist,inginer petrolist,91.8918918918919,27,24,3,4,23,13.0,43.85089182498322,low
214619,expert inginer petrolist,expert inginer petrolist,inginer petrolist,82.92682926829268,27,24,3,4,23,13.0,43.85089182498322,low
713202,vopsitor industrial,vopsitor industrial,pompier industrial,81.08108108108108,32,28,4,9,23,20.3,43.6611138871551,low
931202,îngrijitor spații verzi,ingrijitor spatii verzi,ingrijitor spatii verzi,100.0,49,31,18,15,34,33.7,43.63896777769582,low
911202,îngrijitor spații hoteliere,ingrijitor spatii hoteliere,ingrijitor spatii verzi,80.0,49,31,18,15,34,33.7,43.63896777769582,low
342311,instructor de pilates,instructor de pilates,instructor de pilates,100.0,26,18,8,4,22,23.1,43.637476921400236,low
342302,instructor de fitness,instructor de fitness,instructor de pilates,85.71428571428571,26,18,8,4,22,23.1,43.637476921400236,low
333910,operator de interviu,operator de interviu,operator interviu,91.8918918918919,37,14,23,14,23,50.0,43.610633286561075,low
751202,cofetar,cofetar,cofetar,100.0,59,33,26,5,54,26.3,43.58829374392923,low
111201,consilier diplomatic,consilier diplomatic,consilier diplomatic,100.0,37,17,20,13,24,44.6,43.546478592376126,low
243214,curier diplomatic,curier diplomatic,consilier diplomatic,81.08108108108108,37,17,20,13,24,44.6,43.546478592376126,low
831204,acar,acar,acar,100.0,21,19,2,2,19,9.5,43.46890307670944,low
532105,lăcar,lacar,acar,88.88888888888889,21,19,2,2,19,9.5,43.46890307670944,low
921303,văcar,vacar,acar,88.88888888888889,21,19,2,2,19,9.5,43.46890307670944,low
331404,actuar,actuar,acar,80.0,21,19,2,2,19,9.5,43.46890307670944,low
111218,prefect,prefect,prefect,100.0,30,11,19,13,17,53.3,43.40612839840829,low
111226,subprefect,subprefect,prefect,82.35294117647058,30,11,19,13,17,53.3,43.40612839840829,low
111301,primar,primar,primar,100.0,31,11,20,12,19,51.6,43.3568590569627,low
261906,notar,notar,notar,100.0,43,15,28,17,26,52.3,43.33626863385591,low
343515,ghid de animație,ghid de animatie,regizor de animatie,80.0,43,15,28,17,26,52.3,43.33626863385591,low
421201,crupier,crupier,crupier,100.0,29,20,9,3,26,20.7,43.29887666248067,low
112033,director resurse umane,director resurse umane,ofiter resurse umane,80.95238095238095,47,21,26,9,38,37.2,43.24658793474472,low
333304,referent resurse umane,referent resurse umane,ofiter resurse umane,80.95238095238095,47,21,26,9,38,37.2,43.24658793474472,low
311207,tehnician proiectant în construcții,tehnician proiectant in constructii,tehnician proiectant constructii civile,86.48648648648648,42,16,26,20,22,54.8,43.12941175598355,low
432307,însoțitor vagoane,insotitor vagoane,insotitor vagon,93.75,35,9,26,1,34,38.6,43.11165852699174,low
142008,manager de zonă,manager de zona,manager de contract,82.35294117647058,31,29,2,9,22,17.7,43.06576834237493,low
511201,conductor tren,conductor tren,conductor tren,100.0,25,23,2,3,22,10.0,43.05345838053844,low
511301,ghid de turism,ghid de turism,ghid de turism,100.0,58,24,34,13,45,40.5,43.03484745208336,low
742207,electronist telecomunicații,electronist telecomunicatii,analist telecomunicatii,80.0,35,25,10,12,23,31.4,43.0339895144473,low
215241,ofițer punte,ofiter punte,ofiter de punte,88.88888888888889,28,21,7,6,22,23.2,42.984574077472544,low
713301,coșar,cosar,cosar,100.0,32,18,14,6,26,31.2,42.969296286134984,low
812101,cocsar,cocsar,cosar,90.9090909090909,32,18,14,6,26,31.2,42.969296286134984,low
335904,comisar,comisar,cosar,83.33333333333334,32,18,14,6,26,31.2,42.969296286134984,low
321402,tehnician acustician – audioprotezist,tehnician acustician – audioprotezist,tehnician acustician-audioprotezist,94.44444444444444,31,11,20,10,21,48.4,42.96561972814329,low
541104,servant pompier,servant pompier,servant pompier,100.0,30,19,11,9,21,33.3,42.95875425575761,low
314306,tehnician cadastru forestier,tehnician cadastru forestier,tehnician forestier,80.85106382978722,38,23,15,8,30,30.3,42.82406651763527,low
235301,profesor de limbi străine,profesor de limbi straine,profesor de limbi straine,100.0,53,26,27,10,43,34.9,42.756748119873116,low
511203,controlor bilete,controlor bilete,controlor bilete,100.0,32,24,8,2,30,15.6,42.70447627559124,low
111107,senator,senator,senator,100.0,29,11,18,12,17,51.7,42.67747174420225,low
311803,desenator,desenator,senator,87.5,29,11,18,12,17,51.7,42.67747174420225,low
214489,ofițer mecanic,ofiter mecanic,ofiter mecanic secund,80.0,36,28,8,11,25,26.4,42.45382739876819,low
335504,detectiv particular,detectiv particular,detectiv particular,100.0,32,19,13,8,24,32.8,42.409612770501084,low
226929,terapeut în terapie asistată de animale,terapeut in terapie asistata de animale,terapeut terapie asistata de animale,96.0,30,11,19,9,21,46.7,42.36644166037139,low
214501,inginer petrochimist,inginer petrochimist,inginer petrochimist,100.0,38,28,10,12,26,28.9,42.19567574779346,low
214502,subinginer petrochimist,subinginer petrochimist,inginer petrochimist,93.02325581395348,38,28,10,12,26,28.9,42.19567574779346,low
214509,expert inginer petrochimist,expert inginer petrochimist,inginer petrochimist,85.1063829787234,38,28,10,12,26,28.9,42.19567574779346,low
214508,consilier inginer petrochimist,consilier inginer petrochimist,inginer petrochimist,80.0,38,28,10,12,26,28.9,42.19567574779346,low
132439,conducător activitate de transport rutier,conducator activitate de transport rutier,manager activitate transport rutier,81.57894736842105,32,30,2,3,29,7.8,42.15519315049541,low
723201,mecanic aviație,mecanic aviatie,mecanic maritim,80.0,64,37,27,15,49,32.8,42.13353417119038,low
214115,responsabil afacere,responsabil afacere,responsabil active,81.08108108108108,40,22,18,11,29,36.3,42.06867748003784,low
261201,procuror,procuror,procuror,100.0,33,16,17,12,21,43.9,42.054138050656206,low
242903,manager de responsabilitate socială,manager de responsabilitate sociala,manager responsabilitate sociala corporativa,81.0126582278481,49,27,22,15,34,37.8,42.00103263569759,low
325718,manager de responsabilitate socială,manager de responsabilitate sociala,manager responsabilitate sociala corporativa,81.0126582278481,49,27,22,15,34,37.8,42.00103263569759,low
241234,consultant bancar,consultant bancar,consultant actuar,88.23529411764706,35,14,21,16,19,52.9,41.98605681533403,low
241208,consultant bugetar,consultant bugetar,consultant actuar,80.0,35,14,21,16,19,52.9,41.98605681533403,low
243205,consultant cameral,consultant cameral,consultant actuar,80.0,35,14,21,16,19,52.9,41.98605681533403,low
325801,brancardier,brancardier,brancardier,100.0,46,39,7,9,37,17.4,41.95327792622508,low
263605,capelan,capelan,capelan,100.0,31,10,21,5,26,41.9,41.91036731519811,low
134502,director unitate de învățământ,director unitate de invatamant,director unitate de invatamant,100.0,53,26,27,18,35,42.5,41.89567331241665,low
112017,director comercial,director comercial,director comercial,100.0,32,14,18,10,22,43.8,41.83351675658979,low
241247,inspector de risc,inspector de risc,inspector de risc,100.0,32,14,18,10,22,43.8,41.83351675658979,low
335404,inspector de stat,inspector de stat,inspector de risc,82.35294117647058,32,14,18,10,22,43.8,41.83351675658979,low
322102,soră medicală,sora medicala,sora medicala,100.0,60,36,24,24,36,40.0,41.803341285602414,low
134213,soră medicală șefă,sora medicala sefa,sora medicala,83.87096774193549,60,36,24,24,36,40.0,41.803341285602414,low
315314,instructor parașutism,instructor parasutism,instructor maritim,82.05128205128204,44,22,22,11,33,37.5,41.655450129113596,low
432312,instructor stație,instructor statie,instructor maritim,80.0,44,22,22,11,33,37.5,41.655450129113596,low
242106,manager de inovare,manager de inovare,manager de software,81.08108108108108,48,23,25,18,30,44.8,41.41810742146331,low
741105,montator instalații solare,montator instalatii solare,montator instalatii baie,88.0,49,23,26,9,40,35.7,41.257600862888154,low
311925,tehnician în industria alimentară,tehnician in industria alimentara,biotehnolog in industria alimentara,82.35294117647058,71,45,26,30,41,39.4,41.15189983341261,low
214514,inginer în industria alimentară,inginer in industria alimentara,biotehnolog in industria alimentara,81.81818181818183,71,45,26,30,41,39.4,41.15189983341261,low
214515,subinginer în industria alimentară,subinginer in industria alimentara,biotehnolog in industria alimentara,81.15942028985508,71,45,26,30,41,39.4,41.15189983341261,low
422102,agent de turism,agent de turism,agent de turism,100.0,39,24,15,7,32,28.2,41.032312609839224,low
252912,inginer de securitate sisteme înglobate,inginer de securitate sisteme inglobate,inginer de securitate sisteme inglobate,100.0,41,31,10,15,25,30.5,40.98582251312815,low
252910,manager de securitate sisteme informatice,manager de securitate sisteme informatice,inginer de securitate sisteme inglobate,82.5,41,31,10,15,25,30.5,40.98582251312815,low
265221,dirijor cor,dirijor cor,dirijor cor,100.0,29,22,7,7,22,24.1,40.91190570417487,low
311403,tehnician proiectant electronică,tehnician proiectant electronica,tehnician proiectant in electronica,95.52238805970148,41,22,19,17,24,43.9,40.905718930435086,low
214513,inginer chimist,inginer chimist,inginer chimist,100.0,106,18,88,54,52,67.0,40.69418324426564,low
214536,subinginer chimist,subinginer chimist,inginer chimist,90.9090909090909,106,18,88,54,52,67.0,40.69418324426564,low
214505,expert inginer chimist,expert inginer chimist,inginer chimist,81.08108108108108,106,18,88,54,52,67.0,40.69418324426564,low
351108,analist testare software,analist testare software,specialist testare software,86.27450980392157,80,10,70,64,16,83.8,40.6322224888596,low
235904,designer instrucțional,designer instructional,designer instructional,100.0,59,36,23,27,32,42.4,40.55821748642729,low
831205,șef tren,sef tren,sef de tren,84.21052631578947,26,24,2,2,24,7.7,40.465300152232835,low
264208,fotoreporter,fotoreporter,fotoreporter,100.0,51,26,25,10,41,34.3,40.45879919616444,low
311508,maistru mecanic,maistru mecanic,maistru mecanic nava,85.71428571428571,38,26,12,10,28,28.9,40.39817553243712,low
311509,maistru mecanic auto,maistru mecanic auto,maistru mecanic nava,85.0,38,26,12,10,28,28.9,40.39817553243712,low
216307,designer vestimentar,designer vestimentar,designer vestimentar,100.0,55,12,43,13,42,50.9,40.372519617685676,low
242120,analist de afaceri,analist de afaceri,analist de afaceri,100.0,53,26,27,22,30,46.2,40.28570353840455,low
134920,director departament securitate,director departament securitate,director departament universitate,84.375,41,22,19,10,31,35.4,40.22013277134774,low
214304,inginer protecția mediului în energetică,inginer protectia mediului in energetica,manager protectia mediului in tic,82.1917808219178,40,21,19,18,22,46.2,40.2129688677516,low
265503,artist circ,artist circ,artist circ,100.0,39,31,8,3,36,14.1,40.000600572476294,low
265202,artist liric,artist liric,artist circ,86.95652173913044,39,31,8,3,36,14.1,40.000600572476294,low
751103,măcelar,macelar,macelar,100.0,67,36,31,6,61,27.6,39.9935317923022,low
531103,baby sitter,baby sitter,babysitter,95.23809523809523,29,10,19,6,23,43.1,39.853085015897,low
211204,meteorolog aeronautic,meteorolog aeronautic,meteorolog aeronautic,100.0,24,21,3,0,24,6.2,39.756397146628004,low
311118,meteorolog aeronautic tehnician,meteorolog aeronautic tehnician,meteorolog aeronautic,80.76923076923077,24,21,3,0,24,6.2,39.756397146628004,low
241269,consultant de investiții,consultant de investitii,consultant de investitii,100.0,48,23,25,17,31,43.8,39.745154391895746,low
131104,medic veterinar șef,medic veterinar sef,medic veterinar oficial,80.95238095238095,52,35,17,12,40,27.9,39.69499459786207,low
112002,"comandant port, flotă","comandant port, flota",comandant de flota,82.05128205128204,28,10,18,6,22,42.9,39.54846537130445,low
235905,dezvoltator de e-learning,dezvoltator de e-learning,dezvoltator de e-learning,100.0,67,24,43,41,26,62.7,39.508327663799626,low
315316,maistru aviație,maistru aviatie,maistru nava,81.48148148148148,69,24,45,22,47,48.6,39.43546206559847,low
314101,tehnician în bacteriologie,tehnician in bacteriologie,tehnician bacteriolog,89.36170212765957,39,20,19,17,22,46.2,39.409298781928584,low
832203,șofer autoambulanță,sofer autoambulanta,sofer auto ambulanta,97.43589743589743,47,33,14,16,31,31.9,39.34519943642792,low
342308,instructor canioning,instructor canioning,instructor camioane,82.05128205128204,43,25,18,15,28,38.4,39.263676718983355,low
432337,operator portuar stivator,operator portuar stivator,operator portuar stivuitor,94.11764705882352,48,28,20,16,32,37.5,39.22688172971472,low
432338,operator portuar expeditor,operator portuar expeditor,operator portuar stivuitor,80.76923076923077,48,28,20,16,32,37.5,39.22688172971472,low
243220,specialist în activitatea de lobby,specialist in activitatea de lobby,specialist in calitatea datelor,80.0,40,20,20,17,23,46.2,39.19451100601297,low
325101,tehnician dentar,tehnician dentar,tehnician dentar,100.0,28,23,5,0,28,8.9,38.90034316364556,low
325602,tehnician sanitar,tehnician sanitar,tehnician dentar,84.84848484848484,28,23,5,0,28,8.9,38.90034316364556,low
132457,manager logistică și distribuție,manager logistica si distributie,manager logistica si distributie,100.0,46,34,12,8,38,21.7,38.899439067146034,low
511101,însoțitor de bord,insotitor de bord,insotitor de bord,100.0,40,31,9,3,37,15.0,38.722312699074685,low
342202,instructor sportiv,instructor sportiv,instructor pompieri,81.08108108108108,40,19,21,8,32,36.3,38.550550412291365,low
541404,agent gardă de corp,agent garda de corp,agent garda de corp,100.0,46,24,22,8,38,32.6,38.48892570977963,low
252301,administrator de rețea de calculatoare,administrator de retea de calculatoare,arhitect de retea de calculatoare,81.69014084507043,55,28,27,21,34,43.6,38.18793303199888,low
341301,călugăr / călugăriță,calugar / calugarita,calugar/calugarita,94.73684210526315,44,8,36,13,31,55.7,38.18762448421026,low
251307,dezvoltator jocuri digitale,dezvoltator jocuri digitale,dezvoltator jocuri digitale,100.0,82,19,63,59,23,74.4,38.18657427829808,low
325712,inspector protecția mediului,inspector protectia mediului,expert protectia mediului,83.01886792452831,49,30,19,19,30,38.8,37.99872083978229,low
753403,plăpumar,plapumar,papusar,80.0,34,17,17,0,34,25.0,37.93251357474284,low
324004,tehnician veterinar,tehnician veterinar,tehnician veterinar,100.0,55,30,25,11,44,32.7,37.906475680392624,low
141112,director rotiserie,director rotiserie,director artistic,80.0,49,37,12,5,44,17.3,37.6111869277056,low
141117,director bar,director bar,director banca,84.61538461538461,57,31,26,16,41,36.8,37.57388312740585,low
112018,director vânzări,director vanzari,director banca,80.0,57,31,26,16,41,36.8,37.57388312740585,low
818105,cuptorar recoacere sticlă,cuptorar recoacere sticla,cuptorar recoacere sticla,100.0,36,17,19,2,34,29.2,37.565173182244976,low
712102,constructor de acoperișuri,constructor de acoperisuri,constructor decoruri,86.95652173913044,45,21,24,2,43,28.9,37.254113837117686,low
132212,șef unități miniere,sef unitati miniere,sef unitate miniera,89.47368421052632,38,27,11,10,28,27.6,37.24834594443696,low
531203,educator specializat,educator specializat,vanzator specializat,80.0,87,31,56,8,79,36.8,37.24070193529932,low
532103,infirmier/infirmieră,infirmier/infirmiera,infirmier/infirmiera,100.0,46,32,14,5,41,20.7,37.01507476267046,low
214401,inginer mecanic,inginer mecanic,inginer mecanic,100.0,92,40,52,40,52,50.0,37.00253930721488,low
214402,subinginer mecanic,subinginer mecanic,inginer mecanic,90.9090909090909,92,40,52,40,52,50.0,37.00253930721488,low
226301,inginer clinic,inginer clinic,inginer mecanic,82.75862068965517,92,40,52,40,52,50.0,37.00253930721488,low
214434,expert inginer mecanic,expert inginer mecanic,inginer mecanic,81.08108108108108,92,40,52,40,52,50.0,37.00253930721488,low
311807,tehnician proiectant,tehnician proiectant,tehnician proiectant cad,90.9090909090909,90,24,66,32,58,54.4,36.98848386287057,low
311506,tehnician proiectant mecanic,tehnician proiectant mecanic,tehnician proiectant cad,88.46153846153845,90,24,66,32,58,54.4,36.98848386287057,low
251105,dezvoltator de sisteme în domeniul TIC,dezvoltator de sisteme in domeniul tic,dezvoltator de aplicatii in domeniul tic,84.61538461538461,91,17,74,64,27,75.8,36.97132264723494,low
515104,administrator,administrator,administrator web,86.66666666666667,94,23,71,71,21,75.5,36.81508524008335,low
141104,administrator hotel,administrator hotel,administrator web,83.33333333333334,94,23,71,71,21,75.5,36.81508524008335,low
315303,copilot,copilot,copilot,100.0,52,43,9,10,42,18.3,36.7093211698552,low
263609,consilier culte,consilier culte,consilier recrutare,82.35294117647058,43,23,20,10,33,34.9,36.689911573760824,low
212005,consilier actuar,consilier actuar,consilier recrutare,80.0,43,23,20,10,33,34.9,36.689911573760824,low
241215,administrator credite,administrator credite,administrator credite,100.0,49,27,22,16,33,38.8,36.65690420999474,low
242218,administrator editură,administrator editura,administrator credite,85.71428571428571,49,27,22,16,33,38.8,36.65690420999474,low
214238,administrator port,administrator port,administrator credite,82.05128205128204,49,27,22,16,33,38.8,36.65690420999474,low
132308,șef șantier,sef santier,sef santier,100.0,56,27,29,22,34,45.5,36.49646551953311,low
121902,șef atelier,sef atelier,sef santier,81.81818181818183,56,27,29,22,34,45.5,36.49646551953311,low
314307,tehnician amenajist,tehnician amenajist,tehnician farmacist,84.21052631578947,52,38,14,1,51,14.4,36.29347081252718,low
343502,tehnician machetist,tehnician machetist,tehnician farmacist,84.21052631578947,52,38,14,1,51,14.4,36.29347081252718,low
333905,manager sportiv,manager sportiv,manager sportiv,100.0,32,21,11,2,30,20.3,36.218203922748266,low
216614,designer jocuri digitale,designer jocuri digitale,designer jocuri digitale,100.0,96,18,78,76,20,80.2,35.62073891969225,low
251308,designer de nivel jocuri digitale,designer de nivel jocuri digitale,designer jocuri digitale,84.21052631578947,96,18,78,76,20,80.2,35.62073891969225,low
351205,tehnician designer jocuri digitale,tehnician designer jocuri digitale,designer jocuri digitale,82.75862068965517,96,18,78,76,20,80.2,35.62073891969225,low
223008,terapeut în terapii complementare,terapeut in terapii complementare,terapeut in terapii complementare,100.0,73,7,66,42,31,74.0,35.50886768922451,low
214602,inginer minier,inginer minier,inginer militar,82.75862068965517,120,36,84,67,53,62.9,35.34296148082171,low
215314,inginer iluminare,inginer iluminare,inginer militar,81.25,120,36,84,67,53,62.9,35.34296148082171,low
263502,consilier în domeniul adicțiilor,consilier in domeniul adictiilor,consilier in domeniul adictiilor,100.0,54,51,3,16,38,17.6,34.89795530306421,low
514205,machior,machior,machior,100.0,54,26,28,6,48,31.5,34.8195234776226,low
325103,asistent de medicină dentară,asistent de medicina dentara,asistent de medicina dentara,100.0,43,36,7,0,43,8.1,34.818767377054826,low
211417,consilier pedolog,consilier pedolog,consilier de doliu,80.0,46,45,1,13,33,15.2,34.76763529886996,low
251211,dezvoltator interfața cu utilizatorul,dezvoltator interfata cu utilizatorul,dezvoltator interfata cu utilizatorul,100.0,98,17,81,76,22,80.1,34.67319831071469,low
321301,asistent farmacist,asistent farmacist,asistent farmacist,100.0,51,41,10,7,44,16.7,34.60778815553984,low
241307,asistent analist,asistent analist,asistent farmacist,82.35294117647058,51,41,10,7,44,16.7,34.60778815553984,low
311707,tehnician minier,tehnician minier,tehnician imagine,84.84848484848484,61,32,29,0,61,23.8,34.496414829642326,low
216301,designer industrial,designer industrial,designer industrial,100.0,67,20,47,23,44,52.2,34.44922190839519,low
263504,art-terapeut,art-terapeut,art-terapeut,100.0,66,50,16,20,46,27.3,34.2792667707508,low
121125,manager financiar,manager financiar,manager de risc financiar,80.95238095238095,64,35,29,20,43,38.3,34.19600758127943,low
121307,manager energetic,manager energetic,manager energie,87.5,66,40,26,20,46,34.8,34.13613291059361,low
112028,manager general,manager general,manager energie,80.0,66,40,26,20,46,34.8,34.13613291059361,low
222201,moașă,moasa,moasa,100.0,88,73,15,35,53,28.4,33.951488017720294,low
226203,farmacist de specialitate,farmacist de specialitate,farmacist specialist,84.44444444444444,60,50,10,18,42,23.3,33.78788329417698,low
754204,pirotehnician,pirotehnician,pirotehnician,100.0,61,37,24,0,61,19.7,33.67864985491155,low
226603,logoped,logoped,logoped,100.0,87,73,14,36,51,28.7,33.334796179368986,low
753203,confecționer corsete,confectioner corsete,confectioner costume,85.0,48,27,21,1,47,22.9,33.026952221631696,low
721404,confecționer cocleți,confectioner cocleti,confectioner costume,80.0,48,27,21,1,47,22.9,33.026952221631696,low
215303,inginer electrotehnist,inginer electrotehnist,inginer electronist,92.6829268292683,58,27,31,31,27,53.4,32.61609650020484,low
214491,inginer mecatronist,inginer mecatronist,inginer electronist,89.47368421052632,58,27,31,31,27,53.4,32.61609650020484,low
263109,inginer economist,inginer economist,inginer electronist,83.33333333333334,58,27,31,31,27,53.4,32.61609650020484,low
731110,optician,optician,ortoptician,84.21052631578947,70,63,7,25,45,22.9,32.5327307668865,low
121306,manager de securitate,manager de securitate,manager de securitate,100.0,44,28,16,11,33,30.7,32.31166683028527,low
352135,designer video,designer video,designer video,100.0,53,27,26,4,49,28.3,32.02074416399678,low
214494,arhitect naval,arhitect naval,arhitect naval,100.0,92,12,80,45,47,67.9,31.862147227702717,low
352132,tehnician de echipamente TV,tehnician de echipamente tv,tehnician echipamente video,85.18518518518519,45,23,22,1,43,25.6,31.243734001904926,low
263627,preot,preot,preot,100.0,64,18,46,14,50,46.9,29.952238946620366,low
341305,preot,preot,preot,100.0,64,18,46,14,50,46.9,29.952238946620366,low
352134,tehnician la echipamente de înregistrare imagine și sunet,tehnician la echipamente de inregistrare imagine si sunet,tehnician echipamente inregistrare sunet,82.4742268041237,53,29,24,2,51,24.5,29.80209236023677,low
511311,ghid montan,ghid montan,ghid montan,100.0,50,26,24,7,43,31.0,29.75772072614294,low
211426,cercetător în geologie,cercetator in geologie,cercetator in teologie,95.45454545454545,58,35,23,10,48,28.4,29.370582869390528,low
263216,cercetător în etnologie,cercetator in etnologie,cercetator in teologie,93.33333333333333,58,35,23,10,48,28.4,29.370582869390528,low
211209,cercetător în meteorologie,cercetator in meteorologie,cercetator in teologie,91.66666666666666,58,35,23,10,48,28.4,29.370582869390528,low
263214,cercetător în arheologie,cercetator in arheologie,cercetator in teologie,91.30434782608695,58,35,23,10,48,28.4,29.370582869390528,low
215127,cercetător în metrologie,cercetator in metrologie,cercetator in teologie,91.30434782608695,58,35,23,10,48,28.4,29.370582869390528,low
213136,cercetător în biologie,cercetator in biologie,cercetator in teologie,90.9090909090909,58,35,23,10,48,28.4,29.370582869390528,low
264314,cercetător în filologie,cercetator in filologie,cercetator in teologie,88.88888888888889,58,35,23,10,48,28.4,29.370582869390528,low
263208,cercetător în sociologie,cercetator in sociologie,cercetator in teologie,86.95652173913044,58,35,23,10,48,28.4,29.370582869390528,low
263212,cercetător în geografie,cercetator in geografie,cercetator in teologie,84.44444444444444,58,35,23,10,48,28.4,29.370582869390528,low
263307,cercetător în istorie,cercetator in istorie,cercetator in teologie,83.72093023255815,58,35,23,10,48,28.4,29.370582869390528,low
211108,cercetător în astronomie,cercetator in astronomie,cercetator in teologie,82.6086956521739,58,35,23,10,48,28.4,29.370582869390528,low
212027,cercetător în demografie,cercetator in demografie,cercetator in teologie,82.6086956521739,58,35,23,10,48,28.4,29.370582869390528,low
211438,cercetător în geodezie,cercetator in geodezie,cercetator in teologie,81.81818181818183,58,35,23,10,48,28.4,29.370582869390528,low
211428,cercetător în geologie tehnică,cercetator in geologie tehnica,cercetator in teologie,80.76923076923077,58,35,23,10,48,28.4,29.370582869390528,low
263305,cercetător în filozofie,cercetator in filozofie,cercetator in teologie,80.0,58,35,23,10,48,28.4,29.370582869390528,low
211434,cercetător în geochimie,cercetator in geochimie,cercetator in teologie,80.0,58,35,23,10,48,28.4,29.370582869390528,low
213254,cercetător în zootehnie,cercetator in zootehnie,cercetator in teologie,80.0,58,35,23,10,48,28.4,29.370582869390528,low
343509,organizator de producție,organizator de productie,organizator de nunti,81.81818181818183,36,18,18,0,36,25.0,29.289733342004897,low
516203,valet,valet,valet,100.0,36,17,19,1,35,27.8,28.97220621730481,low
341202,pedagog social,pedagog social,pedagog social,100.0,60,44,16,18,42,28.3,28.31722877544123,low
226502,dietetician,dietetician,dietetician,100.0,103,81,22,41,62,30.6,28.089785085266133,low
263419,terapeut ocupațional,terapeut ocupational,terapeut ocupational,100.0,86,69,17,36,50,30.8,28.06588262502098,low
132448,manager achiziții,manager achizitii,manager achizitii,100.0,53,25,28,13,40,38.7,27.76339982517429,low
311902,maistru tipograf,maistru tipograf,maistru tipograf,100.0,58,25,33,21,37,46.6,27.59627153949603,low
263514,consilier de cuplu,consilier de cuplu,consilier de cuplu,100.0,58,47,11,18,40,25.0,26.704446309050123,low
214957,inginer biomedical,inginer biomedical,inginer biomedical,100.0,67,25,42,18,49,44.8,26.24252769839649,low
226904,bioinginer medical,bioinginer medical,inginer biomedical,83.33333333333334,67,25,42,18,49,44.8,26.24252769839649,low
226604,audiolog,audiolog,radiolog,87.5,77,55,22,24,53,29.9,26.105842559875953,low
226205,farmacist primar,farmacist primar,farmacist spital,81.25,52,30,22,9,43,29.8,25.82378030710785,low
343522,secretar artistic,secretar artistic,secretar artistic,100.0,36,17,19,0,36,26.4,25.685485799067163,low
265237,cercetător științific în muzică,cercetator stiintific in muzica,cercetator stiintific veterinar,80.64516129032258,56,46,10,7,49,15.2,25.38674050336314,low
215226,cercetător în comunicații,cercetator in comunicatii,cercetator in comunicare,89.79591836734694,65,41,24,13,51,28.5,25.098618128197934,low
213142,cercetător în botanică,cercetator in botanica,cercetator in comunicare,82.6086956521739,65,41,24,13,51,28.5,25.098618128197934,low
242101,manager proiect,manager proiect,manager proiect,100.0,68,36,32,23,45,40.4,24.373745288011555,low
315306,pilot aeronave,pilot aeronave,pilot aeronava,92.85714285714286,88,24,64,16,72,45.5,24.30768331358278,low
215149,inginer electrician,inginer electrician,inginer electrician,100.0,108,42,66,58,50,57.4,24.2001651971753,low
215148,ofițer electrician,ofiter electrician,inginer electrician,81.08108108108108,108,42,66,58,50,57.4,24.2001651971753,low
143910,director centru informare turistică,director centru informare turistica,manager centru informare turistica,84.05797101449275,52,32,20,6,46,25.0,23.962266463066157,low
226201,farmacist,farmacist,farmacist,100.0,86,65,21,28,58,28.5,23.727446216013757,low
134206,farmacist-șef,farmacist-sef,farmacist,81.81818181818183,86,65,21,28,58,28.5,23.727446216013757,low
265222,maestru corepetitor,maestru corepetitor,maestru corepetitor dans,88.37209302325581,50,30,20,4,46,24.0,23.551345506020564,low
134921,manager cultural,manager cultural,manager centru cultural,82.05128205128204,50,30,20,4,46,24.0,23.551345506020564,low
216109,cercetător în arhitectură,cercetator in arhitectura,cercetator in literatura,85.71428571428571,69,45,24,20,49,31.9,23.07966035086792,low
324002,asistent veterinar,asistent veterinar,asistent veterinar,100.0,60,45,15,14,46,24.2,22.225529813646325,low
324001,agent veterinar,agent veterinar,asistent veterinar,84.84848484848484,60,45,15,14,46,24.2,22.225529813646325,low
531201,asistent maternal,asistent maternal,asistent veterinar,80.0,60,45,15,14,46,24.2,22.225529813646325,low
263401,psiholog în specialitatea psihologie clinică,psiholog in specialitatea psihologie clinica,psiholog in specialitatea psihologie clinica,100.0,120,99,21,38,82,24.6,22.07832637571504,low
263408,psiholog în specialitatea psihopedagogie specială,psiholog in specialitatea psihopedagogie speciala,psiholog in specialitatea psihologie clinica,83.87096774193549,120,99,21,38,82,24.6,22.07832637571504,low
263403,psiholog în specialitatea psihoterapie,psiholog in specialitatea psihoterapie,psiholog in specialitatea psihologie clinica,80.48780487804879,120,99,21,38,82,24.6,22.07832637571504,low
263402,psiholog în specialitatea consiliere psihologică,psiholog in specialitatea consiliere psihologica,psiholog in specialitatea psihologie clinica,80.43478260869566,120,99,21,38,82,24.6,22.07832637571504,low
343505,maestru de sunet,maestru de sunet,maestru de sunet,100.0,75,44,31,2,73,22.0,20.729804653720876,low
265304,maestru de balet,maestru de balet,maestru de sunet,81.25,75,44,31,2,73,22.0,20.729804653720876,low
263510,cercetător în asistența socială,cercetator in asistenta sociala,cercetator in asistenta sociala,100.0,70,47,23,10,60,23.6,20.719805133480403,low
263210,cercetător în antropologie,cercetator in antropologie,cercetator in tanatologie,90.19607843137256,58,40,18,13,45,26.7,20.097087797876487,low
213248,cercetător în agromontanologie,cercetator in agromontanologie,cercetator in tanatologie,83.63636363636363,58,40,18,13,45,26.7,20.097087797876487,low
226405,kinetoterapeut,kinetoterapeut,kinetoterapeut,100.0,80,49,31,25,55,35.0,19.795328577424243,low
226401,fiziokinetoterapeut,fiziokinetoterapeut,kinetoterapeut,84.84848484848484,80,49,31,25,55,35.0,19.795328577424243,low
263309,cercetător în științele politice,cercetator in stiintele politice,cercetator in stiintele educatiei,83.07692307692308,67,47,20,12,55,23.9,19.77344787811101,low
226402,fizioterapeut,fizioterapeut,fizioterapeut,100.0,98,90,8,28,70,18.4,19.346261251782625,low
264310,terminolog,terminolog,criminolog,80.0,67,47,20,14,53,25.4,18.764097448015235,low
211312,chimist analist,chimist analist,chimist analist,100.0,72,49,23,16,56,27.1,18.158963077288988,low
214652,asistent de cercetare în știința materialelor,asistent de cercetare in stiinta materialelor,asistent de cercetare in invatamantul superior,81.31868131868131,81,43,38,17,64,34.0,16.894363436217247,low
215202,inginer automatist,inginer automatist,inginer automatist,100.0,109,45,64,31,78,43.6,16.629126773792347,low
215209,subinginer automatist,subinginer automatist,inginer automatist,92.3076923076923,109,45,64,31,78,43.6,16.629126773792347,low
263206,arheolog,arheolog,arheolog,100.0,79,40,39,25,54,40.5,16.421243533070513,low
263302,istoric,istoric,istoric,100.0,74,38,36,16,58,35.1,15.821155722025292,low
215230,inginer de cercetare în microelectronică,inginer de cercetare in microelectronica,inginer in microelectronica,80.59701492537313,106,45,61,31,75,43.4,15.706036726827055,low
242117,manager de facilități,manager de facilitati,manager de facilitati,100.0,56,36,20,15,41,31.2,15.51483957076762,low
231001,asistent universitar,asistent universitar,asistent universitar,100.0,84,32,52,14,70,39.3,14.706344047426256,low
741217,tehnician de scufundare,tehnician de scufundare,tehnician de scena,82.92682926829268,90,48,42,0,90,23.3,13.819827274775687,low
213153,cercetător în bioinformatică,cercetator in bioinformatica,cercetator in bioinformatica,100.0,84,56,28,28,56,33.3,13.479289822219934,low
214917,cercetător în informatică,cercetator in informatica,cercetator in bioinformatica,94.33962264150944,84,56,28,28,56,33.3,13.479289822219934,low
212023,cercetător în matematică informatică,cercetator in matematica informatica,cercetator in bioinformatica,81.25,84,56,28,28,56,33.3,13.479289822219934,low
215238,cercetător în automatică,cercetator in automatica,cercetator in bioinformatica,80.76923076923077,84,56,28,28,56,33.3,13.479289822219934,low
226901,medic igienist,medic igienist,medic dentist,81.48148148148148,83,67,16,11,72,16.3,13.101197638511072,low
121207,manager resurse umane,manager resurse umane,manager resurse umane,100.0,84,36,48,23,61,42.3,12.795662255452974,low
242325,analist resurse umane,analist resurse umane,manager resurse umane,80.95238095238095,84,36,48,23,61,42.3,12.795662255452974,low
263501,asistent social,asistent social,asistent social,100.0,104,59,45,11,93,26.9,12.077219738396131,low
243219,asistent comercial,asistent comercial,asistent social,84.84848484848484,104,59,45,11,93,26.9,12.077219738396131,low
226923,asistent medico-social,asistent medico-social,asistent social,81.08108108108108,104,59,45,11,93,26.9,12.077219738396131,low
325908,asistent medico-social,asistent medico-social,asistent social,81.08108108108108,104,59,45,11,93,26.9,12.077219738396131,low
213146,cercetător în ecologie și protecția mediului,cercetator in ecologie si protectia mediului,cercetator in protectia mediului,84.21052631578947,82,56,26,21,61,28.7,11.486220371039165,low
214309,inginer de cercetare în protecția mediului,inginer de cercetare in protectia mediului,cercetator in protectia mediului,81.08108108108108,82,56,26,21,61,28.7,11.486220371039165,low
242324,consilier pentru dezvoltare personală,consilier pentru dezvoltare personala,consultant dezvoltare personala,82.35294117647058,95,45,50,31,64,42.6,11.22577846165474,low
532908,lucrător social,lucrator social,lucrator social,100.0,121,53,68,27,94,39.3,10.880306585855603,low
522303,lucrător comercial,lucrator comercial,lucrator social,84.84848484848484,121,53,68,27,94,39.3,10.880306585855603,low
263202,geograf,geograf,geograf,100.0,73,41,32,17,55,33.6,10.66205004662089,low
263201,sociolog,sociolog,sociolog,100.0,81,44,37,26,55,38.9,10.564081771848837,low
132450,manager aprovizionare,manager aprovizionare,manager aprovizionare,100.0,99,23,76,24,75,50.5,9.216865914860671,low
134201,asistent medical șef,asistent medical sef,asistent medical sef,100.0,93,57,36,7,86,23.1,8.823408564903048,low
221101,medic medicină generală,medic medicina generala,medic medicina generala,100.0,56,10,46,0,56,41.1,8.328923937573785,low
215114,inginer hidroenergetică,inginer hidroenergetica,inginer energetician,83.72093023255815,108,46,62,46,62,50.0,8.114490829284522,low
112039,manager în servicii sociale,manager in servicii sociale,manager servicii sociale,94.11764705882352,114,56,58,19,95,33.8,7.594580521781509,low
215216,inginer electromecanic,inginer electromecanic,inginer electromecanic,100.0,122,41,81,40,82,49.6,6.975238312463967,low
215217,subinginer electromecanic,subinginer electromecanic,inginer electromecanic,93.61702127659575,122,41,81,40,82,49.6,6.975238312463967,low
215201,inginer electromecanic SCB,inginer electromecanic scb,inginer electromecanic,91.66666666666666,122,41,81,40,82,49.6,6.975238312463967,low
214403,inginer electromecanic minier,inginer electromecanic minier,inginer electromecanic,86.27450980392157,122,41,81,40,82,49.6,6.975238312463967,low
215215,proiectant inginer electromecanic,proiectant inginer electromecanic,inginer electromecanic,80.0,122,41,81,40,82,49.6,6.975238312463967,low
221201,medic specialist,medic specialist,medic specialist,100.0,178,62,116,63,115,50.3,6.018953505870023,low
